artist_id,name,description,bio
200,The Echoes,A rock band known for their electric live performances and strong rhythms.,"The Echoes are a powerhouse in the Rock genre, bringing high energy to every stage they play."
201,Jazz Quintet,A group of jazz musicians who specialize in improvisation and blue notes.,"Jazz Quintet are pioneers of Jazz, blending classic swing with modern improvisation."
202,Metal Storm,A metal band with powerful vocals and heavy guitar riffs.,Metal Storm dominates the Metal scene with their aggressive sound and electrifying performances.
203,Reggae Roots,A reggae group that brings the sounds of Jamaica to the world.,Reggae Roots keep the spirit of Reggae alive with their offbeat rhythms and conscious lyrics.
204,Clockwork Ensemble,A steampunk-inspired band with a unique retro-futuristic sound.,Clockwork Ensemble brings the world of Steampunk to life with their instrumental soundscapes.
205,Urban Flow,A rap artist known for their rhythmic speech and streetwise lyrics.,Urban Flow commands the Rap genre with their sharp lyrics and captivating delivery.
206,Pop Sensation,A pop artist with a string of chart-topping hits.,Pop Sensation lights up the charts and the stage with their catchy melodies and broad appeal.
207,Indie Vibes,"An indie band that blends rock, folk, and alternative styles.","Indie Vibes represents the heart of Indie music, with their eclectic blend of sounds."
208,Galactic Pulse,"A band that fuses electronic music with rock, creating a sound that feels both futuristic and raw.","Galactic Pulse merges electronic beats with rock's intensity, defining the cutting edge of modern music."
209,Synthwave Collective,"An ensemble known for their retro-futuristic soundscapes, inspired by the synth music of the 1980s.","Synthwave Collective channels the essence of 80s synth music, blending it with contemporary electronic styles."
210,Crimson Eclipse,A dark metal band known for their haunting melodies and intense performances.,"Crimson Eclipse delivers powerful metal anthems with an eerie, atmospheric twist."
211,Echoes of Silence,"An ambient music group that creates tranquil soundscapes, perfect for deep relaxation and meditation.","Echoes of Silence crafts ambient music that transports listeners to serene, otherworldly realms."
212,Solar Flare,"A reggae band with a modern twist, blending traditional rhythms with contemporary influences.",Solar Flare reimagines reggae with fresh beats and socially conscious lyrics.
213,Phoenix Rise,A pop-rock band known for their anthemic songs and high-energy performances.,"Phoenix Rise ignites stages with their powerful pop-rock anthems, capturing audiences worldwide."
214,Neon Harmony,A jazz ensemble that blends classic jazz with modern electronic elements.,"Neon Harmony reinvents jazz by fusing it with contemporary electronic sounds, creating a unique musical experience."
215,Voidwalkers,"A progressive metal band that explores cosmic themes through complex, dynamic compositions.",Voidwalkers push the boundaries of metal with their intricate compositions and cosmic inspirations.
216,Starlight Reverie,A dreamy indie-pop band known for their ethereal melodies and introspective lyrics.,Starlight Reverie enchants listeners with their dreamy indie-pop sound and poetic lyrics.
217,Quantum Drift,An experimental electronic artist who creates immersive soundscapes with a sci-fi edge.,Quantum Drift pioneers a new wave of electronic music with their sci-fi inspired soundscapes.
218,Elysian Fields,A folk band that combines traditional acoustic instruments with modern storytelling.,Elysian Fields weaves together folk traditions and contemporary narratives in their heartfelt music.
219,Shadow Synapse,A darkwave soloist who blends gothic elements with modern synth music.,"Shadow Synapse creates a brooding, atmospheric sound that resonates deeply with fans of darkwave."
220,Aurora Vega,"A solo pop artist known for her powerful vocals and catchy, emotionally charged songs.",Aurora Vega's powerful voice and emotional depth make her a standout in the pop music scene.
221,Rogue Alchemist,"An alternative rock band that mixes grunge, punk, and a touch of psychedelia.",Rogue Alchemist's gritty sound and experimental edge redefine alternative rock.
222,Lyric Fire,A rap artist known for their rapid-fire delivery and thought-provoking lyrics.,Lyric Fire sets the rap scene ablaze with their intense delivery and sharp lyrical content.
223,Celestial Voices,A vocal ensemble that blends classical choral music with modern harmonies.,"Celestial Voices brings a heavenly sound to the stage, merging classical and contemporary vocal styles."
224,Emerald Dream,"A new age soloist who creates music for relaxation and meditation, often inspired by nature.","Emerald Dream's music soothes the soul, drawing inspiration from the natural world to create calming soundscapes."
225,Frostbite,An industrial metal band known for their aggressive sound and dystopian themes.,"Frostbite delivers industrial metal with a fierce intensity, capturing the harshness of a dystopian world."
226,Sonic Odyssey,"A band that blends world music with electronic elements, creating a global sound.",Sonic Odyssey takes listeners on a journey around the world with their eclectic mix of global influences.
227,Nova Symphony,A symphonic metal band that combines classical orchestration with heavy metal.,Nova Symphony merges the grandeur of classical music with the power of metal in their epic performances.
228,Prismatic Wave,"An electronic soloist known for creating colorful, vibrant soundscapes.",Prismatic Wave lights up the electronic music scene with their vivid and energetic compositions.
229,Ruby Cascade,A solo blues artist with a voice that echoes the legends of the past.,"Ruby Cascade brings the soul of blues to life, with a voice that carries the weight of generations."
230,Iron Lotus,A steampunk-inspired band that blends industrial sounds with Victorian flair.,Iron Lotus transports audiences to a retro-futuristic world with their unique blend of steampunk and music.
231,Vortex Mirage,"An ambient soloist known for creating immersive, dream-like soundscapes.","Vortex Mirage takes listeners on a journey through sound, crafting ethereal and captivating ambient music."
232,Electric Muse,A pop-electronic band known for their catchy hooks and futuristic sound.,Electric Muse electrifies the airwaves with their catchy pop-electronic tunes and forward-thinking style.
233,Echo Wanderer,"A soloist who blends indie-folk with electronic elements, creating a unique sonic experience.","Echo Wanderer combines the intimacy of folk with the innovation of electronic music, creating a sound all their own."
234,Dusk Rider,A rock soloist with a gritty voice and raw guitar skills.,Dusk Rider brings the spirit of rock 'n' roll to life with their powerful voice and commanding presence.
235,Silver Lining,A country band known for their heartfelt lyrics and traditional sound.,"Silver Lining captures the essence of country music, blending timeless stories with classic instrumentation."
236,Starfall Serenade,"An indie-pop soloist with a soft, melodic voice and dreamy compositions.","Starfall Serenade enchants with their soft vocals and dreamy, indie-pop melodies."
237,Velvet Horizon,"A jazz soloist known for their smooth, improvisational style and rich tones.","Velvet Horizon weaves together smooth jazz with a touch of improvisational magic, captivating audiences everywhere."
238,Orion's Light,A symphonic rock band blending classical music with rock influences.,"Orion's Light shines bright in the symphonic rock scene, merging the elegance of classical music with rock's raw energy."
239,Crimson Velvet,A darkwave band that combines gothic themes with modern synth sounds.,"Crimson Velvet creates an atmospheric blend of gothic and synth, delivering a darkly captivating experience."
240,Pulsefire,"A techno soloist known for their high-energy, futuristic beats.",Pulsefire ignites the dance floor with their high-octane techno tracks and cutting-edge production.
241,Midnight Sun,A blues-rock band with a soulful sound and powerful performances.,"Midnight Sun burns bright on the blues-rock scene, delivering soulful tunes with a fiery passion."
242,Lunar Echo,A dream-pop band known for their ethereal sound and introspective lyrics.,"Lunar Echo's dream-pop sound drifts through the ether, touching hearts with their introspective and delicate compositions."
243,Fireside Muse,A folk-rock soloist with a rustic sound and poetic storytelling.,Fireside Muse brings warmth to the stage with their rustic folk-rock sound and engaging storytelling.
244,Solaris Dreams,"An electronic dance music artist known for their uplifting, euphoric tracks.","Solaris Dreams creates a world of euphoria with their uplifting EDM tracks, bringing joy to every performance."
245,Aurora Skies,A classical crossover artist blending orchestral music with modern pop.,"Aurora Skies bridges the gap between classical and pop, creating a crossover that is both grand and accessible."
246,Prism Shatter,An experimental rock band pushing the boundaries of genre with their avant-garde approach.,"Prism Shatter challenges conventions with their experimental rock sound, pushing the limits of what music can be."
247,Radiant Echo,A synth-pop soloist known for their retro-inspired sound and vibrant stage presence.,"Radiant Echo lights up the stage with their retro synth-pop sound and infectious energy, captivating audiences worldwide."
